{
  "name": "Prospect Park Trip 04",
  "backend": "osrm-foot/bike",
  "routeLenFt": 560.674604677322,
  "straightLineFt": 375.3326578346674,
  "osrmDistanceFt": 561.02364,
  "beaconCount": 8,
  "driftFt": 3.776941873765335,
  "angleDeg": 4,
  "maxChordFt": 120,
  "minSpacingFt": 30,
  "beacons": [
    [
      -73.967145,
      40.661676
    ],
    [
      -73.96696584852735,
      40.66158336557999
    ],
    [
      -73.96679868554938,
      40.66128486841758
    ],
    [
      -73.96668474759062,
      40.6611453041635
    ],
    [
      -73.96651899808374,
      40.660990982570596
    ],
    [
      -73.96692927432106,
      40.66088678124442
    ],
    [
      -73.96709509389808,
      40.660782144012906
    ],
    [
      -73.967226,
      40.660649
    ]
  ],
  "routeCoords": [
    [
      -73.967145,
      40.661676
    ],
    [
      -73.96694,
      40.66157
    ],
    [
      -73.966876,
      40.661414
    ],
    [
      -73.966782,
      40.661257
    ],
    [
      -73.966681,
      40.661141
    ],
    [
      -73.966501,
      40.660995
    ],
    [
      -73.966837,
      40.66092
    ],
    [
      -73.966937,
      40.660884
    ],
    [
      -73.967057,
      40.660815
    ],
    [
      -73.967137,
      40.660746
    ],
    [
      -73.967226,
      40.660649
    ],
    [
      -73.967226,
      40.660649
    ]
  ]
}
