{
  "name": "Prospect Park Trip 04",
  "start": [
    -73.967145,
    40.661676
  ],
  "end": [
    -73.967226,
    40.660649
  ]
}
