{
  "name": "Prospect Park Trip 06",
  "backend": "osrm-foot/bike",
  "routeLenFt": 386.5130213186373,
  "straightLineFt": 339.9560375413249,
  "osrmDistanceFt": 387.13912,
  "beaconCount": 8,
  "driftFt": 4.64040427536331,
  "angleDeg": 16,
  "maxChordFt": 60,
  "minSpacingFt": null,
  "beacons": [
    [
      -73.96845,
      40.657115
    ],
    [
      -73.9682438181248,
      40.65706958421873
    ],
    [
      -73.96802796716608,
      40.6570597904394
    ],
    [
      -73.96785837415173,
      40.65715326260217
    ],
    [
      -73.96771723088501,
      40.65727721529199
    ],
    [
      -73.96750914606868,
      40.65729889977557
    ],
    [
      -73.96731742252202,
      40.6572260059793
    ],
    [
      -73.967227,
      40.657202
    ]
  ],
  "routeCoords": [
    [
      -73.96845,
      40.657115
    ],
    [
      -73.968345,
      40.65708
    ],
    [
      -73.968141,
      40.657059
    ],
    [
      -73.967998,
      40.65706
    ],
    [
      -73.967953,
      40.657098
    ],
    [
      -73.967867,
      40.657147
    ],
    [
      -73.967794,
      40.6572
    ],
    [
      -73.967735,
      40.657263
    ],
    [
      -73.9677,
      40.657291
    ],
    [
      -73.967651,
      40.657297
    ],
    [
      -73.967514,
      40.6573
    ],
    [
      -73.967439,
      40.657283
    ],
    [
      -73.96734,
      40.657232
    ],
    [
      -73.967227,
      40.657202
    ]
  ]
}
