{
  "name": "Prospect Park Trip 03",
  "start": [
    -73.972729,
    40.658909
  ],
  "end": [
    -73.973538,
    40.659107
  ]
}
