{
  "name": "Prospect Park Trip 11",
  "backend": "osrm-foot/bike",
  "routeLenFt": 347.3432489112537,
  "straightLineFt": 209.16663937429917,
  "osrmDistanceFt": 347.440956,
  "beaconCount": 8,
  "driftFt": 4.172869578668636,
  "angleDeg": 12,
  "maxChordFt": 90,
  "minSpacingFt": null,
  "beacons": [
    [
      -73.971642,
      40.661505
    ],
    [
      -73.97172206046922,
      40.661655060469215
    ],
    [
      -73.97176483511612,
      40.66169908779032
    ],
    [
      -73.97177421587658,
      40.66175155671062
    ],
    [
      -73.97169368369264,
      40.66189715349821
    ],
    [
      -73.97162410450464,
      40.661902965165126
    ],
    [
      -73.971384266129,
      40.66202243583021
    ],
    [
      -73.971115,
      40.661916
    ]
  ],
  "routeCoords": [
    [
      -73.971642,
      40.661505
    ],
    [
      -73.971642,
      40.661505
    ],
    [
      -73.971641,
      40.661526
    ],
    [
      -73.971666,
      40.661579
    ],
    [
      -73.97171,
      40.66164
    ],
    [
      -73.971721,
      40.661654
    ],
    [
      -73.971764,
      40.661697
    ],
    [
      -73.97178,
      40.661737
    ],
    [
      -73.97172,
      40.661888
    ],
    [
      -73.971674,
      40.661904
    ],
    [
      -73.97163,
      40.661901
    ],
    [
      -73.971582,
      40.661917
    ],
    [
      -73.971533,
      40.661954
    ],
    [
      -73.97137,
      40.662029
    ],
    [
      -73.971279,
      40.661978
    ],
    [
      -73.971222,
      40.661947
    ],
    [
      -73.971172,
      40.661926
    ],
    [
      -73.971115,
      40.661916
    ]
  ]
}
