{
  "name": "Prospect Park Trip 12",
  "start": [
    -73.974566,
    40.658551
  ],
  "end": [
    -73.97448,
    40.658175
  ]
}
