{
  "name": "Prospect Park Trip 05",
  "start": [
    -73.970015,
    40.66519
  ],
  "end": [
    -73.969575,
    40.664438
  ]
}
