{
  "name": "Prospect Park Trip 08",
  "start": [
    -73.973834,
    40.657119
  ],
  "end": [
    -73.973434,
    40.65676
  ]
}
