{
  "name": "Prospect Park Trip 07",
  "start": [
    -73.969441,
    40.657438
  ],
  "end": [
    -73.968688,
    40.657232
  ]
}
