{
  "name": "Prospect Park Trip 01",
  "backend": "osrm-foot/bike",
  "routeLenFt": 493.92944347017294,
  "straightLineFt": 268.2806340178691,
  "osrmDistanceFt": 494.42258799999996,
  "beaconCount": 11,
  "driftFt": 3.456222581052036,
  "angleDeg": 6,
  "maxChordFt": 120,
  "minSpacingFt": null,
  "beacons": [
    [
      -73.965679,
      40.661828
    ],
    [
      -73.9657221591606,
      40.66178402651561
    ],
    [
      -73.96577156184914,
      40.66169395131657
    ],
    [
      -73.96620031335698,
      40.66174029948427
    ],
    [
      -73.96648656445882,
      40.66171956433571
    ],
    [
      -73.96655585814355,
      40.66170404873657
    ],
    [
      -73.9665728956746,
      40.66167033373141
    ],
    [
      -73.96641404482928,
      40.661366367941994
    ],
    [
      -73.96636514874993,
      40.66132634761714
    ],
    [
      -73.96630315649533,
      40.661330493583165
    ],
    [
      -73.966275,
      40.661248
    ]
  ],
  "routeCoords": [
    [
      -73.965679,
      40.661828
    ],
    [
      -73.965732,
      40.661774
    ],
    [
      -73.965754,
      40.661692
    ],
    [
      -73.965961,
      40.661715
    ],
    [
      -73.96615,
      40.66174
    ],
    [
      -73.966318,
      40.661741
    ],
    [
      -73.966383,
      40.661737
    ],
    [
      -73.966435,
      40.66173
    ],
    [
      -73.966519,
      40.661713
    ],
    [
      -73.966589,
      40.661696
    ],
    [
      -73.966557,
      40.661645
    ],
    [
      -73.966513,
      40.661578
    ],
    [
      -73.966459,
      40.66143
    ],
    [
      -73.966426,
      40.661378
    ],
    [
      -73.966389,
      40.661342
    ],
    [
      -73.966357,
      40.661321
    ],
    [
      -73.966341,
      40.661317
    ],
    [
      -73.966323,
      40.661317
    ],
    [
      -73.966298,
      40.661334
    ],
    [
      -73.966275,
      40.661248
    ]
  ]
}
