{
  "name": "Prospect Park Trip 08",
  "backend": "osrm-foot/bike",
  "routeLenFt": 252.57367676583232,
  "straightLineFt": 171.48632916876247,
  "osrmDistanceFt": 252.62468,
  "beaconCount": 6,
  "driftFt": 0.8876817897607624,
  "angleDeg": 2,
  "maxChordFt": 120,
  "minSpacingFt": null,
  "beacons": [
    [
      -73.973834,
      40.657119
    ],
    [
      -73.97375313444944,
      40.65720987747588
    ],
    [
      -73.97371061306777,
      40.65721985963945
    ],
    [
      -73.97361561195217,
      40.65713729749493
    ],
    [
      -73.97351225421886,
      40.65706261044106
    ],
    [
      -73.973434,
      40.65676
    ]
  ],
  "routeCoords": [
    [
      -73.973834,
      40.657119
    ],
    [
      -73.973729,
      40.657237
    ],
    [
      -73.97367,
      40.657182
    ],
    [
      -73.973597,
      40.657122
    ],
    [
      -73.973514,
      40.657069
    ],
    [
      -73.973464,
      40.656886
    ],
    [
      -73.973435,
      40.656777
    ],
    [
      -73.973434,
      40.65676
    ]
  ]
}
