{
  "name": "Prospect Park Trip 15",
  "start": [
    -73.968542,
    40.663262
  ],
  "end": [
    -73.967569,
    40.663199
  ]
}
