{
  "name": "Prospect Park Trip 05",
  "backend": "osrm-foot/bike",
  "routeLenFt": 525.5138384067213,
  "straightLineFt": 300.1450365425733,
  "osrmDistanceFt": 525.590568,
  "beaconCount": 10,
  "driftFt": 3.988619696064296,
  "angleDeg": 1,
  "maxChordFt": 120,
  "minSpacingFt": 30,
  "beacons": [
    [
      -73.970015,
      40.66519
    ],
    [
      -73.9700942252204,
      40.665098587095954
    ],
    [
      -73.97017357122911,
      40.66494569789776
    ],
    [
      -73.97022888483951,
      40.66478669672725
    ],
    [
      -73.97031010634879,
      40.664463612911845
    ],
    [
      -73.97029387471694,
      40.66436751450135
    ],
    [
      -73.97015670785963,
      40.66438489098341
    ],
    [
      -73.97002398373847,
      40.664421280021436
    ],
    [
      -73.96966440001312,
      40.6644208973888
    ],
    [
      -73.969575,
      40.664438
    ]
  ],
  "routeCoords": [
    [
      -73.970015,
      40.66519
    ],
    [
      -73.970088,
      40.66511
    ],
    [
      -73.970166,
      40.664967
    ],
    [
      -73.970225,
      40.664801
    ],
    [
      -73.970269,
      40.664639
    ],
    [
      -73.970314,
      40.664447
    ],
    [
      -73.970312,
      40.664368
    ],
    [
      -73.9702,
      40.664365
    ],
    [
      -73.970126,
      40.664399
    ],
    [
      -73.970089,
      40.664416
    ],
    [
      -73.970064,
      40.664418
    ],
    [
      -73.970003,
      40.664423
    ],
    [
      -73.969971,
      40.664426
    ],
    [
      -73.96994,
      40.664428
    ],
    [
      -73.96978,
      40.66442
    ],
    [
      -73.969764,
      40.664419
    ],
    [
      -73.96969,
      40.664416
    ],
    [
      -73.969575,
      40.664438
    ]
  ]
}
