{
  "name": "Prospect Park Trip 02",
  "start": [
    -73.973836,
    40.664812
  ],
  "end": [
    -73.973603,
    40.664587
  ]
}
