{
  "name": "Prospect Park Trip 06",
  "start": [
    -73.96845,
    40.657115
  ],
  "end": [
    -73.967227,
    40.657202
  ]
}
