{
  "name": "Prospect Park Trip 12",
  "backend": "osrm-foot/bike",
  "routeLenFt": 450.68496751641555,
  "straightLineFt": 139.21911156223803,
  "osrmDistanceFt": 451.1155,
  "beaconCount": 7,
  "driftFt": 4.534741640583981,
  "angleDeg": 6,
  "maxChordFt": 150,
  "minSpacingFt": null,
  "beacons": [
    [
      -73.974566,
      40.658551
    ],
    [
      -73.97473819429578,
      40.65864986701482
    ],
    [
      -73.9749821001111,
      40.65876756575129
    ],
    [
      -73.97509562899727,
      40.65862841724785
    ],
    [
      -73.97509960144458,
      40.65858710608988
    ],
    [
      -73.97468739493502,
      40.65836657822652
    ],
    [
      -73.97448,
      40.658175
    ]
  ],
  "routeCoords": [
    [
      -73.974566,
      40.658551
    ],
    [
      -73.974639,
      40.658602
    ],
    [
      -73.974983,
      40.658768
    ],
    [
      -73.975011,
      40.658734
    ],
    [
      -73.975059,
      40.658674
    ],
    [
      -73.975104,
      40.658618
    ],
    [
      -73.97512,
      40.658597
    ],
    [
      -73.974786,
      40.658435
    ],
    [
      -73.974693,
      40.658371
    ],
    [
      -73.974603,
      40.6583
    ],
    [
      -73.974513,
      40.658215
    ],
    [
      -73.97448,
      40.658175
    ]
  ]
}
