{
  "name": "Prospect Park Trip 02",
  "backend": "osrm-foot/bike",
  "routeLenFt": 125.28646399661771,
  "straightLineFt": 104.37829707991243,
  "osrmDistanceFt": 125.32808800000001,
  "beaconCount": 5,
  "driftFt": 2.5268942985406357,
  "angleDeg": 8,
  "maxChordFt": 60,
  "minSpacingFt": null,
  "beacons": [
    [
      -73.973836,
      40.664812
    ],
    [
      -73.97384417067825,
      40.66475752881168
    ],
    [
      -73.97371431542012,
      40.66462802827728
    ],
    [
      -73.97361162098552,
      40.66457406852171
    ],
    [
      -73.973603,
      40.664587
    ]
  ],
  "routeCoords": [
    [
      -73.973836,
      40.664812
    ],
    [
      -73.973845,
      40.664752
    ],
    [
      -73.973726,
      40.664636
    ],
    [
      -73.973619,
      40.664563
    ],
    [
      -73.973603,
      40.664587
    ]
  ]
}
