{
  "name": "Prospect Park Trip 15",
  "backend": "osrm-foot/bike",
  "routeLenFt": 569.5013643640483,
  "straightLineFt": 270.23709800980436,
  "osrmDistanceFt": 569.553824,
  "beaconCount": 7,
  "driftFt": 4.797619933582369,
  "angleDeg": 6,
  "maxChordFt": 150,
  "minSpacingFt": null,
  "beacons": [
    [
      -73.968542,
      40.663262
    ],
    [
      -73.96861283516995,
      40.662884674319066
    ],
    [
      -73.9684262087409,
      40.66265116293181
    ],
    [
      -73.9683720493562,
      40.662641725144
    ],
    [
      -73.96793937794399,
      40.662836537612876
    ],
    [
      -73.96761027448284,
      40.66312443964391
    ],
    [
      -73.967569,
      40.663199
    ]
  ],
  "routeCoords": [
    [
      -73.968542,
      40.663262
    ],
    [
      -73.968555,
      40.663158
    ],
    [
      -73.968608,
      40.663013
    ],
    [
      -73.968615,
      40.662888
    ],
    [
      -73.968546,
      40.662782
    ],
    [
      -73.968473,
      40.662694
    ],
    [
      -73.968402,
      40.662629
    ],
    [
      -73.968209,
      40.662711
    ],
    [
      -73.968006,
      40.662789
    ],
    [
      -73.967814,
      40.662926
    ],
    [
      -73.967631,
      40.663087
    ],
    [
      -73.967569,
      40.663199
    ]
  ]
}
