{
  "name": "Prospect Park Trip 01",
  "start": [
    -73.965679,
    40.661828
  ],
  "end": [
    -73.966275,
    40.661248
  ]
}
