{
  "name": "Prospect Park Trip 11",
  "start": [
    -73.971642,
    40.661505
  ],
  "end": [
    -73.971115,
    40.661916
  ]
}
