{
  "name": "Prospect Park Trip 13",
  "start": [
    -73.972075,
    40.667901
  ],
  "end": [
    -73.973269,
    40.66829
  ]
}
