{
  "name": "Prospect Park Trip 09",
  "start": [
    -73.965657,
    40.65913
  ],
  "end": [
    -73.965625,
    40.65987
  ]
}
