{
  "name": "Prospect Park Trip 14",
  "start": [
    -73.974722,
    40.666072
  ],
  "end": [
    -73.973797,
    40.666511
  ]
}
