{
  "name": "Prospect Park Trip 10",
  "start": [
    -73.966819,
    40.668696
  ],
  "end": [
    -73.966267,
    40.667853
  ]
}
