{
  "name": "Prospect Park Trip 10",
  "backend": "osrm-foot/bike",
  "routeLenFt": 343.79861685717856,
  "straightLineFt": 343.37966444625954,
  "osrmDistanceFt": 343.503948,
  "beaconCount": 2,
  "driftFt": 4.07341518157364,
  "angleDeg": 1,
  "maxChordFt": 60,
  "minSpacingFt": 300,
  "beacons": [
    [
      -73.966819,
      40.668696
    ],
    [
      -73.966267,
      40.667853
    ]
  ],
  "routeCoords": [
    [
      -73.966819,
      40.668696
    ],
    [
      -73.966757,
      40.668625
    ],
    [
      -73.966727,
      40.668582
    ],
    [
      -73.966625,
      40.668397
    ],
    [
      -73.966455,
      40.668132
    ],
    [
      -73.966305,
      40.667913
    ],
    [
      -73.966267,
      40.667853
    ]
  ]
}
