{
  "name": "Prospect Park Trip 13",
  "backend": "osrm-foot/bike",
  "routeLenFt": 546.77244285327,
  "straightLineFt": 359.57943206960266,
  "osrmDistanceFt": 547.2441120000001,
  "beaconCount": 8,
  "driftFt": 3.462473303681101,
  "angleDeg": 6,
  "maxChordFt": 120,
  "minSpacingFt": 30,
  "beacons": [
    [
      -73.972075,
      40.667901
    ],
    [
      -73.972205793183,
      40.667944908588915
    ],
    [
      -73.97234979739576,
      40.667951
    ],
    [
      -73.97231849319843,
      40.6682747099849
    ],
    [
      -73.97228224085306,
      40.66843321204265
    ],
    [
      -73.97271465407236,
      40.668447052498266
    ],
    [
      -73.97310405991314,
      40.668317877942606
    ],
    [
      -73.973269,
      40.66829
    ]
  ],
  "routeCoords": [
    [
      -73.972075,
      40.667901
    ],
    [
      -73.972101,
      40.667909
    ],
    [
      -73.972178,
      40.667942
    ],
    [
      -73.972264,
      40.667951
    ],
    [
      -73.972355,
      40.667951
    ],
    [
      -73.972348,
      40.668049
    ],
    [
      -73.97232,
      40.668269
    ],
    [
      -73.972301,
      40.668341
    ],
    [
      -73.972278,
      40.668433
    ],
    [
      -73.972398,
      40.668439
    ],
    [
      -73.972504,
      40.668434
    ],
    [
      -73.972639,
      40.66844
    ],
    [
      -73.972757,
      40.668451
    ],
    [
      -73.972788,
      40.66843
    ],
    [
      -73.972963,
      40.66836
    ],
    [
      -73.973107,
      40.668317
    ],
    [
      -73.97323,
      40.668296
    ],
    [
      -73.973269,
      40.66829
    ]
  ]
}
