{
  "name": "Prospect Park Trip 09",
  "backend": "osrm-foot/bike",
  "routeLenFt": 784.0799848316981,
  "straightLineFt": 270.1066514637631,
  "osrmDistanceFt": 784.776928,
  "beaconCount": 13,
  "driftFt": 4.902961803480046,
  "angleDeg": 6,
  "maxChordFt": 150,
  "minSpacingFt": null,
  "beacons": [
    [
      -73.965657,
      40.65913
    ],
    [
      -73.9656208600585,
      40.65917386151608
    ],
    [
      -73.9655529182604,
      40.65915517752161
    ],
    [
      -73.96543586912468,
      40.65909250405181
    ],
    [
      -73.96537284888566,
      40.65910032548084
    ],
    [
      -73.96519633846347,
      40.65919420321871
    ],
    [
      -73.96505004875056,
      40.65931419515562
    ],
    [
      -73.96473522175079,
      40.659613510918234
    ],
    [
      -73.96460552250696,
      40.65973808245926
    ],
    [
      -73.96458609354718,
      40.6597907713291
    ],
    [
      -73.96500240393574,
      40.66000807847469
    ],
    [
      -73.96527422189146,
      40.66007832218915
    ],
    [
      -73.965625,
      40.65987
    ]
  ],
  "routeCoords": [
    [
      -73.965657,
      40.65913
    ],
    [
      -73.965642,
      40.659145
    ],
    [
      -73.965625,
      40.659175
    ],
    [
      -73.965545,
      40.659153
    ],
    [
      -73.96549,
      40.659115
    ],
    [
      -73.965413,
      40.659083
    ],
    [
      -73.965267,
      40.659146
    ],
    [
      -73.965138,
      40.659234
    ],
    [
      -73.965092,
      40.659267
    ],
    [
      -73.965028,
      40.659339
    ],
    [
      -73.964961,
      40.659412
    ],
    [
      -73.96487,
      40.659504
    ],
    [
      -73.964789,
      40.659567
    ],
    [
      -73.964715,
      40.659631
    ],
    [
      -73.964611,
      40.659706
    ],
    [
      -73.964604,
      40.659747
    ],
    [
      -73.964586,
      40.659791
    ],
    [
      -73.964781,
      40.659886
    ],
    [
      -73.964846,
      40.659922
    ],
    [
      -73.964951,
      40.659981
    ],
    [
      -73.964999,
      40.660007
    ],
    [
      -73.965201,
      40.660071
    ],
    [
      -73.965281,
      40.660079
    ],
    [
      -73.9656,
      40.659879
    ],
    [
      -73.965625,
      40.65987
    ]
  ]
}
