{
  "name": "Prospect Park Trip 14",
  "backend": "osrm-foot/bike",
  "routeLenFt": 463.2718029672704,
  "straightLineFt": 301.93721847379265,
  "osrmDistanceFt": 463.25460799999996,
  "beaconCount": 6,
  "driftFt": 4.922827763096569,
  "angleDeg": 6,
  "maxChordFt": 120,
  "minSpacingFt": 65,
  "beacons": [
    [
      -73.974722,
      40.666072
    ],
    [
      -73.97468526430792,
      40.66628646559586
    ],
    [
      -73.97450311256509,
      40.66658388118129
    ],
    [
      -73.97426569322258,
      40.66678004467489
    ],
    [
      -73.97404594360434,
      40.66663924367496
    ],
    [
      -73.973797,
      40.666511
    ]
  ],
  "routeCoords": [
    [
      -73.974722,
      40.666072
    ],
    [
      -73.974727,
      40.666109
    ],
    [
      -73.974719,
      40.666209
    ],
    [
      -73.974694,
      40.666275
    ],
    [
      -73.974646,
      40.666338
    ],
    [
      -73.974609,
      40.666409
    ],
    [
      -73.974581,
      40.666467
    ],
    [
      -73.974521,
      40.666565
    ],
    [
      -73.974467,
      40.666622
    ],
    [
      -73.974402,
      40.666673
    ],
    [
      -73.974357,
      40.66671
    ],
    [
      -73.974328,
      40.666739
    ],
    [
      -73.974272,
      40.666785
    ],
    [
      -73.974244,
      40.666763
    ],
    [
      -73.97416,
      40.666698
    ],
    [
      -73.973797,
      40.666511
    ]
  ]
}
