{
  "name": "Prospect Park Trip 07",
  "backend": "osrm-foot/bike",
  "routeLenFt": 593.9801398287681,
  "straightLineFt": 221.5323351857256,
  "osrmDistanceFt": 593.83204,
  "beaconCount": 11,
  "driftFt": 4.903378262398263,
  "angleDeg": 12,
  "maxChordFt": 60,
  "minSpacingFt": 30,
  "beacons": [
    [
      -73.969441,
      40.657438
    ],
    [
      -73.96940647976545,
      40.657544472048734
    ],
    [
      -73.96935479501258,
      40.65770419768724
    ],
    [
      -73.96910938417983,
      40.65778997652663
    ],
    [
      -73.96894608006176,
      40.65789655007021
    ],
    [
      -73.96878393767017,
      40.65793676671358
    ],
    [
      -73.96889087439091,
      40.65779420934849
    ],
    [
      -73.96893326472087,
      40.65763369671958
    ],
    [
      -73.96892082359994,
      40.65747017141795
    ],
    [
      -73.96884182140164,
      40.657320496870994
    ],
    [
      -73.968688,
      40.657232
    ]
  ],
  "routeCoords": [
    [
      -73.969441,
      40.657438
    ],
    [
      -73.969358,
      40.657694
    ],
    [
      -73.969347,
      40.657729
    ],
    [
      -73.969188,
      40.657754
    ],
    [
      -73.969125,
      40.657777
    ],
    [
      -73.969054,
      40.657836
    ],
    [
      -73.968962,
      40.657891
    ],
    [
      -73.968853,
      40.657929
    ],
    [
      -73.96877,
      40.657953
    ],
    [
      -73.968855,
      40.657854
    ],
    [
      -73.9689,
      40.657779
    ],
    [
      -73.968925,
      40.657696
    ],
    [
      -73.968938,
      40.657598
    ],
    [
      -73.968927,
      40.657496
    ],
    [
      -73.968905,
      40.657404
    ],
    [
      -73.96887,
      40.657345
    ],
    [
      -73.968801,
      40.657285
    ],
    [
      -73.968726,
      40.657252
    ],
    [
      -73.968688,
      40.657232
    ]
  ]
}
