{
  "name": "Prospect Park Trip 03",
  "backend": "osrm-foot/bike",
  "routeLenFt": 246.0251970860192,
  "straightLineFt": 235.25231150208373,
  "osrmDistanceFt": 246.39108399999998,
  "beaconCount": 4,
  "driftFt": 4.956974519940501,
  "angleDeg": 6,
  "maxChordFt": 90,
  "minSpacingFt": 50,
  "beacons": [
    [
      -73.972729,
      40.658909
    ],
    [
      -73.97294023819991,
      40.658940280816175
    ],
    [
      -73.97322395421314,
      40.65894455209656
    ],
    [
      -73.973538,
      40.659107
    ]
  ],
  "routeCoords": [
    [
      -73.972729,
      40.658909
    ],
    [
      -73.972851,
      40.658937
    ],
    [
      -73.972987,
      40.658942
    ],
    [
      -73.973211,
      40.658935
    ],
    [
      -73.97331,
      40.659008
    ],
    [
      -73.973484,
      40.659078
    ],
    [
      -73.973538,
      40.659107
    ]
  ]
}
